"phase","formula","temperature_c","ionic_conductivity_s_cm","log10_ionic_conductivity","family","chemical_family","source_doi"
"solid","Li2Ti0.75Ta0.25O3.125","300","9.00E-05","-4.045757491","Rocksalt","Oxides","10.1016/j.fusengdes.2010.04.003"
"solid","Li2OHBr","22.06","5.40E-07","-6.26760624","Anti-Perovskite","Oxides and Other Anions","10.1002/aenm.201700971"
"solid","Li2.4OH0.6Cl","26","8.90E-08","-7.050609993","Anti-Perovskite","Oxides and Other Anions","10.1002/aenm.201700971"
"solid","Li2.1OH0.9Cl","26","8.05E-08","-7.09420412","Anti-Perovskite","Oxides and Other Anions","10.1002/aenm.201700971"
"solid","Li2OHCl","26","7.11E-08","-7.148130399","Anti-Perovskite","Oxides and Other Anions","10.1002/aenm.201700971"
"solid","Li2.7OH0.3Cl","26","7.30E-09","-8.13667714","Anti-Perovskite","Oxides and Other Anions","10.1002/aenm.201700971"
"solid","Li6PO5Cl","25","1.00E-09","-9","Argyrodite","Oxides and Other Anions","10.1002/zaac.201000121"
"solid","Li14ZnGe4O16","300","1.25E-01","-0.903089987","LISICON","#N/A","10.1016/0025-5408(78)90075-2"
"solid","(YPO4)0.8(Li3PO4)0.2","600","3.70E-02","-1.431798276","Zircon","#N/A","10.1016/0167-2738(89)90457-8"
"solid","(YPO4)0.8(Li3PO4)0.2","400","5.40E-04","-3.26760624","Zircon","#N/A","10.1016/0167-2738(89)90457-8"
"solid","Li7La3Zr2O12","24.85","5.11E-04","-3.2915791","Garnet","Oxides","10.1002/anie.200701144"
"solid","Li3.4Si0.4P0.6S4","27","6.40E-04","-3.193820026","Thio-LISICON","Sulphides","10.1006/jssc.2002.9701"
"solid","Li6.4La3Zr1.4Ta0.6O12","34","2.06E-03","-2.68613278","Garnet","Oxides","10.1039/C2JM31413D"
"solid","Li7.06La3Zr1.94Y0.06O12","25","9.56E-04","-3.019542108","Garnet","Oxides","10.1016/j.elecom.2011.08.014"
"solid","Li6.4Al0.19La3Zr2O11.8","24.85","3.10E-04","-3.508638306","Garnet","Oxides","10.1016/j.jpowsour.2012.02.100"
"solid","La0.57Li0.29TiO3","26.85","1.60E-03","-2.795880017","Perovskite","Oxides","10.1016/j.jpowsour.2012.11.098"
"solid","Li6.5La3Zr1.75Te0.25O12","29.85","1.07E-04","-3.972242795","Garnet","Oxides","10.1016/j.jpowsour.2013.03.166"
"solid","Li7La3Zr2O12","24.85","1.63E-06","-5.787812396","Garnet","Oxides","10.1016/j.jssc.2009.05.020"
"solid","Li9.6P3S12","24.85","1.58E-03","-2.801342913","Thio-LISICON","Sulphides","10.1038/nenergy.2016.30"
"solid","Li1.3Al0.3Ti1.7(PO4)3","24.85","6.20E-03","-2.207608311","NASICON","Oxides","10.1016/j.ssi.2014.07.018"
"solid","Li1.3Al0.3Ti1.7(PO4)3","24.85","1.21E-03","-2.91721463","NASICON","Oxides","10.1016/j.ssi.2016.07.010"
"solid","Li1.2Ti1.8Sc0.2(PO4)3","25","2.31E-04","-3.63638802","NASICON","Oxides","10.1021/acs.inorgchem.6b02274"
"solid","Li1.6Al0.6Ge0.8(PO4)3","24.85","7.00E-04","-3.15490196","NASICON","Oxides","10.1021/cm021717j"
"solid","Li6.55La3Zr2Ga0.9O12","24.85","1.30E-03","-2.886056648","Garnet","Oxides","10.1021/cm5008069"
"solid","Li2OHCl","195","2.80E-03","-2.552841969","Anti-Perovskite","#N/A","10.1021/jacs.5b11851"
"solid","LiTi2(PO4)3","24.85","3.83E-07","-6.416801226","NASICON","Oxides","10.1021/jp973296c"
"solid","Li9.54Si1.74P1.44S11.7Cl0.3","24.85","2.50E-02","-1.602059991","Thio-LISICON","Sulphides and Other Anions","10.1038/nenergy.2016.30"
"solid","Li10GeP2S12","25","2.03E-03","-2.692503962","Thio-LISICON","Sulphides","10.1016/j.ssi.2015.02.014"
"solid","Li7P3S11","24.85","3.20E-03","-2.494850022","Thio-LISICON","Sulphides","10.1039/C3EE41655K"
"solid","Li1.4Al0.4Ti1.6(PO4)3","24.85","5.63E-03","-2.249491605","NASICON","Oxides","10.1039/C5TA08545D"
"solid","Li6.46Al0.15La3Zr1.95O11.86","25","8.30E-05","-4.080921908","Garnet","Oxides","10.1016/j.ensm.2019.08.017"
"solid","Li6.4La3Zr1.7W0.3O12","303","7.89E-04","-3.102922997","Garnet","#N/A","10.1063/1.4818971"
"solid","Li3.25Ge0.25P0.75S4","25","2.03E-03","-2.692503962","Thio-LISICON","Sulphides","10.1016/j.ssi.2015.02.014"
"solid","Li6.5La2.9Ba0.1Zr1.4Ta0.6O12","26.85","8.30E-04","-3.080921908","Garnet","Oxides","10.3389/fenrg.2016.00028"
"solid","Li6.5La3Zr1.5Ta0.5O12","26.85","7.94E-04","-3.100179498","Garnet","Oxides","10.3389/fenrg.2016.00028"
"solid","La0.55Li0.361Ti0.995Al0.005O3","100","1.00E-02","-2","Perovskite","#N/A","10.1007/BF02375549"
"solid","La0.56Li0.36Ti0.95Al0.05O3","119","6.30E-03","-2.200659451","Perovskite","#N/A","10.1007/BF02375549"
"solid","La0.55Li0.36Ti0.992Al0.008O3","100","5.85E-03","-2.232844134","Perovskite","#N/A","10.1007/BF02375549"
"solid","La0.56Li0.36Ti0.95Al0.05O3","100","3.98E-03","-2.400116928","Perovskite","#N/A","10.1007/BF02375549"
"solid","La0.55Li0.361Ti0.995Al0.005O3","65","3.96E-03","-2.402304814","Perovskite","#N/A","10.1007/BF02375549"
"solid","La0.56Li0.36Ti0.95Al0.05O3","70","2.11E-03","-2.675717545","Perovskite","#N/A","10.1007/BF02375549"
"solid","La0.55Li0.36Ti0.992Al0.008O3","60","2.08E-03","-2.681936665","Perovskite","#N/A","10.1007/BF02375549"
"solid","La0.55Li0.361Ti0.995Al0.005O3","35","1.10E-03","-2.958607315","Perovskite","Oxides","10.1007/BF02375549"
"solid","La0.55Li0.36Ti0.992Al0.008O3","25","6.54E-04","-3.184422252","Perovskite","Oxides","10.1007/BF02375549"
"solid","La0.56Li0.36Ti0.95Al0.05O3","79.36","3.54E-03","-2.450996738","Perovskite","Oxides","10.1007/BF02375549"
"solid","Li0.022 La0.117 Ti0.208 Al0.001 O0.626","112","1.63E-02","-1.787812396","Perovskite","#N/A","10.1007/BF02378009"
"solid","Li0.022 La0.117 Ti0.208 Al0.001 O0.626","72","5.74E-03","-2.241088108","Perovskite","#N/A","10.1007/BF02378009"
"solid","Li0.022 La0.117 Ti0.208 Al0.001 O0.626","30","1.26E-03","-2.89997427","Perovskite","Oxides","10.1007/BF02378009"
"solid","LiPO3","255","9.80E-09","-8.008773924","Glass","#N/A","10.1007/s00339-007-4020-y"
"solid","LiPO3","300","1.16E-07","-6.935542011","Glass","#N/A","10.1007/s00339-007-4020-y"
"solid","LiPO3","280","2.50E-08","-7.602059991","Glass","#N/A","10.1007/s00339-007-4020-y"
"solid","LiPO3","322","4.50E-07","-6.346787486","Glass","#N/A","10.1007/s00339-007-4020-y"
"solid","Li6BaLa2Ta2O12 ","200","1.35E-02","-1.869666232","Garnet","#N/A","10.1007/s00339-008-4494-2"
"solid","Li6BaLa2Ta2O12 ","150","4.73E-03","-2.325138859","Garnet","#N/A","10.1007/s00339-008-4494-2"
"solid","Li6BaLa2Ta2O12 ","100","1.13E-03","-2.946921557","Garnet","#N/A","10.1007/s00339-008-4494-2"
"solid","Li6BaLa2Ta2O12 ","50","1.38E-04","-3.860120914","Garnet","#N/A","10.1007/s00339-008-4494-2"
"solid","Li0.228La0.59TiO3","214","1.06E-04","-3.974694135","Perovskite","#N/A","10.1007/s10717-007-0032-5"
"solid","Li0.24La0.59TiO3","89","2.27E-04","-3.643974143","Perovskite","#N/A","10.1007/s10717-007-0032-5"
"solid","Li0.24La0.59TiO3","124","2.52E-04","-3.598599459","Perovskite","#N/A","10.1007/s10717-007-0032-5"
"solid","Li0.24La0.59TiO3","55","2.26E-04","-3.645891561","Perovskite","#N/A","10.1007/s10717-007-0032-5"
"solid","Li0.24La0.59TiO3","23","1.66E-04","-3.779891912","Perovskite","Oxides","10.1007/s10717-007-0032-5"
"solid","Li0.33La0.56Ti0.96Al0.04O2.96F0.04","200","9.50E-03","-2.022276395","Perovskite","#N/A","10.1007/s11581-006-0011-9"
"solid","Li0.33La0.56Ti0.96Al0.04O2.96F0.04","100","2.74E-03","-2.562249437","Perovskite","#N/A","10.1007/s11581-006-0011-9"
"solid","Li0.33La0.56Ti0.96Al0.04O2.96F0.04","25","6.22E-04","-3.206209615","Perovskite","Oxides and Other Anions","10.1007/s11581-006-0011-9"
"solid","""(Li2S)0.5 ((P2S5)0.4 (Sb2S3)0.6)0.5""","34","2.26E-07","-6.645891561","Glass","Sulphides","10.1007/s11581-006-0054-y"
"solid","""(Li2S)0.3 ((P2S5)0.4 (Sb2S3)0.6)0.7""","31","2.98E-08","-7.525783736","Glass","Sulphides","10.1007/s11581-006-0054-y"
"solid","""(Li2S)0.4 ((P2S5)0.4 (Sb2S3)0.6)0.6""","25","1.60E-07","-6.795880017","Glass","Sulphides","10.1007/s11581-006-0054-y"
"solid","Li6.25Ba1.25La1.75Ta2O12","200","7.61E-03","-2.118615343","Garnet","#N/A","10.1007/s11581-007-0097-8"
"solid","Li5La3Ta2O12","199","2.72E-03","-2.565431096","Garnet","#N/A","10.1007/s11581-007-0097-8"
"solid","Li6.25Ba1.25La1.75Ta2O12","127","1.40E-03","-2.853871964","Garnet","#N/A","10.1007/s11581-007-0097-8"
"solid","Li5La3Ta2O12","129","3.43E-04","-3.46470588","Garnet","#N/A","10.1007/s11581-007-0097-8"
"solid","Li6.25Ba1.25La1.75Ta2O12","100","6.24E-04","-3.20481541","Garnet","#N/A","10.1007/s11581-007-0097-8"
"solid","Li6.25Ba1.25La1.75Ta2O12","34","1.29E-04","-3.88941029","Garnet","Oxides","10.1007/s11581-007-0097-8"
"solid","Li5La3Ta2O12","79","5.00E-05","-4.301029996","Garnet","#N/A","10.1007/s11581-007-0097-8"
"solid","Li6.25Ba1.25La1.75Ta2O12","18","2.70E-05","-4.568636236","Garnet","Oxides","10.1007/s11581-007-0097-8"
"solid","Li5La3Ta2O12","32","2.91E-06","-5.536107011","Garnet","Oxides","10.1007/s11581-007-0097-8"
"solid","Li5La3Ta2O12","15","1.31E-06","-5.882728704","Garnet","Oxides","10.1007/s11581-007-0097-8"
"solid","Li1.3Al0.3Ti1.7(PO4)3","58.17","2.40E-04","-3.619788758","NASICON","#N/A","10.1007/s11581-007-0197-5"
"solid","Li1.3Al0.3Ti1.7(PO4)3","25","5.20E-07","-6.283996656","NASICON","Oxides","10.1007/s11581-007-0197-5"
"solid","Li1.3Al0.3Ti1.7(PO4)3","21.42","3.33E-07","-6.477555766","NASICON","Oxides","10.1007/s11581-007-0197-5"
"solid","LiP0.65I0.35O1.95","110.18","1.58E-03","-2.801342913","Glass","#N/A","10.1007/s11581-008-0252-x"
"solid","LiP0.75I0.25O2.25","110","7.94E-04","-3.100179498","Glass","#N/A","10.1007/s11581-008-0252-x"
"solid","LiP0.9I0.1O2.7","25","3.98E-04","-3.400116928","Glass","Oxides and Other Anions","10.1007/s11581-008-0252-x"
"solid","""(LiCl)0.5 (P2O5)0.5""","192","9.12E-06","-5.040005162","Glass","#N/A","10.1007/s11581-008-0276-2"
"solid","""(LiCl)0.5 (P2O5)0.5""","149.87","1.23E-06","-5.910094889","Glass","#N/A","10.1007/s11581-008-0276-2"
"solid","""(LiCl)0.5 (P2O5)0.5""","30","6.83E-08","-7.165859166","Glass","Oxides and Other Anions","10.1007/s11581-008-0276-2"
"solid","Li0.8La0.066Zr2(PO4)3","225.81","3.17E-03","-2.498940738","NASICON","#N/A","10.1007/s11581-009-0332-6"
"solid","Li0.8La0.066Zr2(PO4)3","176.37","8.86E-04","-3.052566278","NASICON","#N/A","10.1007/s11581-009-0332-6"
"solid","Li0.8La0.066Zr2(PO4)3","126.37","1.76E-04","-3.754487332","NASICON","#N/A","10.1007/s11581-009-0332-6"
"solid","Li0.8La0.066Zr2(PO4)3","77.03","3.73E-05","-4.428291168","NASICON","#N/A","10.1007/s11581-009-0332-6"
"solid","Li0.5La0.5TiO3","131","1.25E-04","-3.903089987","Perovskite","#N/A","10.1016/j.jallcom.2009.07.091"
"solid","Li0.5La0.5TiO3","110","9.33E-05","-4.030118356","Perovskite","#N/A","10.1016/j.jallcom.2009.07.091"
"solid","Li0.5La0.5TiO3","70","2.65E-05","-4.576754126","Perovskite","#N/A","10.1016/j.jallcom.2009.07.091"
"solid","Li0.5La0.5TiO3","50","1.17E-05","-4.931814138","Perovskite","#N/A","10.1016/j.jallcom.2009.07.091"
"solid","Li0.5La0.5TiO3","30","5.80E-06","-5.236572006","Perovskite","Oxides","10.1016/j.jallcom.2009.07.091"
"solid","Li0.5La0.5TiO3","10","2.07E-06","-5.684029655","Perovskite","#N/A","10.1016/j.jallcom.2009.07.091"
"solid","""(Li2O)50 (Al2O3)2 (P2O5)48""","60","5.01E-08","-7.299988938","Glass","#N/A","10.1016/j.jeurceramsoc.2008.12.016"
"solid","""(Li2O)50 (Al2O3)2 (P2O5)48""","75","1.99E-07","-6.701146924","Glass","#N/A","10.1016/j.jeurceramsoc.2008.12.016"
"solid","""(Li2O)50 (Al2O3)2 (P2O5)48""","95","6.31E-07","-6.199970641","Glass","#N/A","10.1016/j.jeurceramsoc.2008.12.016"
"solid","""(Li2O)50 (Al2O3)2 (P2O5)48""","121","4.47E-06","-5.349692477","Glass","#N/A","10.1016/j.jeurceramsoc.2008.12.016"
"solid","""(Li2O)50 (Al2O3)2 (P2O5)48""","130","7.94E-06","-5.100015437","Glass","#N/A","10.1016/j.jeurceramsoc.2008.12.016"
"solid","""(Li2O)50 (Al2O3)2 (P2O5)48""","25","3.16E-09","-8.500312917","Glass","Oxides","10.1016/j.jeurceramsoc.2008.12.016"
"solid","""(Li2O)50 (Al2O3)3 (P2O5)47""","52","5.25E-08","-7.279840697","Glass","#N/A","10.1016/j.jeurceramsoc.2008.12.016"
"solid","""(Li2O)50 (Al2O3)3 (P2O5)47""","65","1.12E-07","-6.950007143","Glass","#N/A","10.1016/j.jeurceramsoc.2008.12.016"
"solid","""(Li2O)50 (Al2O3)3 (P2O5)47""","85","5.00E-07","-6.301029996","Glass","#N/A","10.1016/j.jeurceramsoc.2008.12.016"
"solid","""(Li2O)50 (Al2O3)3 (P2O5)47""","105","1.78E-06","-5.749579998","Glass","#N/A","10.1016/j.jeurceramsoc.2008.12.016"
"solid","""(Li2O)50 (Al2O3)3 (P2O5)47""","130","1.12E-05","-4.950781977","Glass","#N/A","10.1016/j.jeurceramsoc.2008.12.016"
"solid","""(Li2O)50 (Al2O3)3 (P2O5)47""","25","5.75E-09","-8.240332155","Glass","Oxides","10.1016/j.jeurceramsoc.2008.12.016"
"solid","""(Li2O)50 (Al2O3)4 (P2O5)46""","25","9.12E-09","-8.040005162","Glass","Oxides","10.1016/j.jeurceramsoc.2008.12.016"
"solid","""(LiI)0.3 ((Li2S)0.3 ((Ga2S3)0.1 (GeS2)0.9)0.7)0.7""","25","2.91E-04","-3.536107011","Glass","Sulphides and Other Anions","10.1016/j.ssi.2007.10.011"
"solid","""(Li2S)0.3 ((Ga2S3)0.1 (GeS2)0.9)0.7""","25","1.89E-06","-5.7242281","Glass","Sulphides and Other Anions","10.1016/j.ssi.2007.10.011"
"solid","""((Li2S)0.6 (SiS2)0.4 )95 (Li4SiO4)5""","193","4.40E-02","-1.356547324","Glass","Sulphides and Other Anions","10.1016/j.jpowsour.2006.04.037"
"solid","""((Li2S)0.6 (SiS2)0.4 )95 (Li4SiO4)5""","130","1.32E-02","-1.879426069","Glass","Sulphides and Other Anions","10.1016/j.jpowsour.2006.04.037"
"solid","""((Li2S)0.6 (SiS2)0.4 )95 (Li4SiO4)5""","109","9.00E-03","-2.045757491","Glass","Sulphides","10.1016/j.jpowsour.2006.04.037"
"solid","""((Li2S)0.6 (SiS2)0.4 )95 (Li4SiO4)5""","84","4.09E-03","-2.388276692","Glass","Sulphides","10.1016/j.jpowsour.2006.04.037"
"solid","""(Li2S)0.8 (P2S5)0.2""","105","4.03E-03","-2.394694954","Glass","Sulphides","10.1016/j.jpowsour.2006.04.037"
"solid","""((Li2S)0.6 (SiS2)0.4 )95 (Li4SiO4)5""","68","2.30E-03","-2.638272164","Glass","Sulphides","10.1016/j.jpowsour.2006.04.037"
"solid","""(Li2S)0.8 (P2S5)0.2""","40.25","2.54E-03","-2.595166283","Glass","Sulphides","10.1016/j.jpowsour.2006.04.037"
"solid","""(Li2S)0.7 (P2S5)0.3""","25","3.20E-03","-2.494850022","Glass","Sulphides","10.1016/j.jpowsour.2006.04.037"
"solid","""(Li2S)0.8 (P2S5)0.2""","68","1.18E-03","-2.928117993","Glass","Sulphides","10.1016/j.jpowsour.2006.04.037"
"solid","""(Li2S)0.8 (P2S5)0.2""","25","1.12E-03","-2.950781977","Glass","Sulphides","10.1016/j.jpowsour.2006.04.037"
"solid","""(Li2S)0.875 (P2S5)0.125""","25","2.10E-04","-3.677780705","Glass","Sulphides","10.1016/j.jpowsour.2006.04.037"
"solid","""(LiCl)0.25 ((Li2O)0.6 (P2O5)0.4)0.75""","53.63","2.49E-05","-4.603800653","Glass","#N/A","10.1016/j.jpowsour.2008.07.089"
"solid","""(LiCl)0.25 ((Li2O)0.6 (P2O5)0.4)0.75""","23.66","2.45E-06","-5.610833916","Glass","Oxides and Other Anions","10.1016/j.jpowsour.2008.07.089"
"solid","Li0.7Al0.3Ti1.7(PO4)3","60.08","4.01E-04","-3.396855627","NASICON","#N/A","10.1016/j.jpowsour.2008.08.009"
"solid","Li0.7Al0.3Ti1.7(PO4)3","40.2","2.02E-04","-3.694648631","NASICON","#N/A","10.1016/j.jpowsour.2008.08.009"
"solid","Li0.7Al0.3Ti1.7(PO4)3","19.74","7.73E-05","-4.111820506","NASICON","Oxides","10.1016/j.jpowsour.2008.08.009"
"solid","Li1.4S2.2P0.6","25","2.00E-03","-2.698970004","Glass","Sulphides","10.1016/j.jpowsour.2008.09.044"
"solid","Li1.4S2.2P0.6","60","2.19E-04","-3.659555885","Glass","#N/A","10.1016/j.jpowsour.2008.09.044"
"solid","Li1.4S2.2P0.6","25","4.33E-05","-4.363512104","Glass","Sulphides","10.1016/j.jpowsour.2008.09.044"
"solid","Li3.09BO2.53N0.52","110","3.86E-05","-4.413412695","Glass","#N/A","10.1016/j.jpowsour.2008.09.089"
"solid","Li3.09BO2.53N0.52","69","1.19E-05","-4.924453039","Glass","#N/A","10.1016/j.jpowsour.2008.09.089"
"solid","Li3.09BO2.53N0.52","39","1.85E-06","-5.732828272","Glass","#N/A","10.1016/j.jpowsour.2008.09.089"
"solid","Li3.09BO2.53N0.52","9","3.08E-07","-6.511449283","Glass","#N/A","10.1016/j.jpowsour.2008.09.089"
"solid","Li1.4Al0.4(Ge0.67Ti0.33)1.6(PO4)3","143","4.12E-03","-2.385102784","NASICON","#N/A","10.1016/j.ssi.2004.05.009"
"solid","Li1.4Al0.4(Ge0.67Ti0.33)1.6(PO4)3","97","2.04E-03","-2.690369833","NASICON","#N/A","10.1016/j.ssi.2004.05.009"
"solid","Li1.4Al0.4(Ge0.67Ti0.33)1.6(PO4)3","60","1.17E-03","-2.931814138","NASICON","#N/A","10.1016/j.ssi.2004.05.009"
"solid","Li1.4Al0.4(Ge0.67Ti0.33)1.6(PO4)3","21","6.76E-04","-3.170053304","NASICON","Oxides","10.1016/j.ssi.2004.05.009"
"solid","Li1.4Al0.4Ti1.6(PO4)3","203","1.04E-02","-1.982966661","NASICON","#N/A","10.1016/j.ssi.2006.04.010"
"solid","Li1.4Al0.4Ti1.6(PO4)3","143","7.07E-03","-2.150580586","NASICON","#N/A","10.1016/j.ssi.2006.04.010"
"solid","Li1.4Al0.4Ti1.6(PO4)3","21","9.17E-04","-3.037630664","NASICON","Oxides","10.1016/j.ssi.2006.04.010"
"solid","Li1.4S2.2P0.6","220.68","2.18E-02","-1.661543506","Glass","#N/A","10.1016/j.ssi.2006.07.017"
"solid","Li1.4S2.2P0.6","177.3","1.57E-02","-1.804100348","Glass","#N/A","10.1016/j.ssi.2006.07.017"
"solid","Li1.4S2.2P0.6","137.02","9.70E-03","-2.013228266","Glass","#N/A","10.1016/j.ssi.2006.07.017"
"solid","Li1.4S2.2P0.6","76.75","6.68E-03","-2.175223538","Glass","#N/A","10.1016/j.ssi.2006.07.017"
"solid","""((Li2S)0.6 (SiS2)0.4)95 (Li4SiO4)5""","121","3.00E-03","-2.522878745","Glass","#N/A","10.1016/j.ssi.2006.07.017"
"solid","""((Li2S)0.6 (SiS2)0.4)95 (Li4SiO4)5""","90","1.63E-03","-2.787812396","Glass","#N/A","10.1016/j.ssi.2006.07.017"
"solid","""((Li2S)0.6 (SiS2)0.4)95 (Li4SiO4)5""","73","7.57E-04","-3.12090412","Glass","#N/A","10.1016/j.ssi.2006.07.017"
"solid","""((Li2S)0.6 (SiS2)0.4)95 (Li4SiO4)5""","47","3.03E-04","-3.518557371","Glass","#N/A","10.1016/j.ssi.2006.07.017"
"solid","Li1.4S2.2P0.6","25","4.64E-05","-4.333482019","Glass","Sulphides","10.1016/j.ssi.2006.07.017"
"solid","""(Li2S)0.3 ((Ga2S3)0.1 (GeS2)0.9)0.7""","215","4.22E-03","-2.374687549","Glass","Sulphides","10.1016/j.ssi.2007.10.011"
"solid","""(Li2S)0.5 ((Ga2S3)0.1 (GeS2)0.9)0.5""","28","6.70E-05","-4.173925197","Glass","Sulphides","10.1016/j.ssi.2007.10.011"
"solid","""(Li2S)0.5 ((Ga2S3)0.1 (GeS2)0.9)0.5""","215","3.35E-02","-1.474955193","Glass","Sulphides","10.1016/j.ssi.2007.10.011"
"solid","""(Li2S)0.4 ((Ga2S3)0.1 (GeS2)0.9)0.6""","21","2.87E-06","-5.542118103","Glass","Sulphides","10.1016/j.ssi.2007.10.011"
"solid","""(Li2S)0.4 ((Ga2S3)0.1 (GeS2)0.9)0.6""","205","1.19E-02","-1.924088239","Glass","Sulphides","10.1016/j.ssi.2007.10.011"
"solid","Li5Nd3Sb2O12","207","1.39E-03","-2.8569852","Garnet","#N/A","10.1016/j.ssi.2008.01.002"
"solid","Li5La3Sb2O12","207","1.16E-03","-2.935542011","Garnet","#N/A","10.1016/j.ssi.2008.01.002"
"solid","Li5La3Sb2O12","131","1.95E-04","-3.709965389","Garnet","#N/A","10.1016/j.ssi.2008.01.002"
"solid","Li5Nd3Sb2O12","133","1.23E-04","-3.910094889","Garnet","#N/A","10.1016/j.ssi.2008.01.002"
"solid","Li5La3Sb2O12","89","1.32E-05","-4.879426069","Garnet","#N/A","10.1016/j.ssi.2008.01.002"
"solid","Li5Nd3Sb2O12","68","2.76E-06","-5.559090918","Garnet","#N/A","10.1016/j.ssi.2008.01.002"
"solid","Li6La2SrNb2O12","25","6.21E-07","-6.2069084","Garnet","Oxides","10.1016/j.ssi.2008.01.047"
"solid","Li6La2SrNb2O12","100","2.68E-03","-2.571865206","Garnet","#N/A","10.1016/j.ssi.2008.01.047"
"solid","Li6La2CaNb2O12","154","7.82E-05","-4.106793247","Garnet","#N/A","10.1016/j.ssi.2008.01.047"
"solid","Li6La2CaNb2O12","99","3.00E-05","-4.522878745","Garnet","#N/A","10.1016/j.ssi.2008.01.047"
"solid","Li6La2SrNb2O12","47","3.13E-05","-4.504455662","Garnet","#N/A","10.1016/j.ssi.2008.01.047"
"solid","Li0.1Na0.1La0.6TiO3","223","4.16E-03","-2.380906669","Perovskite","#N/A","10.1016/j.ssi.2008.03.015"
"solid","Li0.1Na0.1La0.6TiO3","184","2.76E-03","-2.559090918","Perovskite","#N/A","10.1016/j.ssi.2008.03.015"
"solid","Li0.1Na0.1La0.6TiO3","135","1.17E-03","-2.931814138","Perovskite","#N/A","10.1016/j.ssi.2008.03.015"
"solid","Li0.1Na0.1La0.6TiO3","75","2.78E-04","-3.555955204","Perovskite","#N/A","10.1016/j.ssi.2008.03.015"
"solid","Li0.1Na0.1La0.6TiO3","34","6.15E-05","-4.211124884","Perovskite","Oxides","10.1016/j.ssi.2008.03.015"
"solid","LiPO3","170","5.89E-06","-5.229884705","Glass","#N/A","10.1016/j.ssi.2008.04.015"
"solid","Li0.5La0.5TiO3","90","3.10E-04","-3.508638306","Perovskite","#N/A","10.1016/j.ssi.2008.08.013"
"solid","Li0.5La0.5TiO3","55","1.46E-04","-3.835647144","Perovskite","#N/A","10.1016/j.ssi.2008.08.013"
"solid","Li0.5La0.5TiO3","15","2.78E-05","-4.555955204","Perovskite","Oxides","10.1016/j.ssi.2008.08.013"
"solid","Li6BaLa2Ta2O12 ","168","2.27E-03","-2.643974143","Garnet","#N/A","10.1016/j.ssi.2008.10.022"
"solid","Li6CaLa2Ta2O12","175","1.05E-03","-2.978810701","Garnet","#N/A","10.1016/j.ssi.2008.10.022"
"solid","Li6BaLa2Ta2O12 ","85","2.25E-04","-3.647817482","Garnet","#N/A","10.1016/j.ssi.2008.10.022"
"solid","Li6CaLa2Ta2O12","87","6.61E-05","-4.179798541","Garnet","#N/A","10.1016/j.ssi.2008.10.022"
"solid","Li6BaLa2Ta2O12 ","25","1.28E-05","-4.89279003","Garnet","Oxides","10.1016/j.ssi.2008.10.022"
"solid","Li6CaLa2Ta2O12","27","2.24E-06","-5.649751982","Garnet","Oxides","10.1016/j.ssi.2008.10.022"
"solid","LiAlSi2O6","174","6.67E-06","-5.175874166","Glass","#N/A","10.1016/j.ssi.2009.02.028"
"solid","LiAlSi2O6","128","1.08E-06","-5.966576245","Glass","#N/A","10.1016/j.ssi.2009.02.028"
"solid","LiAlSi2O6","58","1.69E-08","-7.772113295","Glass","#N/A","10.1016/j.ssi.2009.02.028"
"solid","Li7La3Ta2O13","121","6.85E-05","-4.164309429","Garnet","#N/A","10.1016/j.ssi.2009.07.002"
"solid","Li7La3Ta2O13","90","2.76E-05","-4.559090918","Garnet","#N/A","10.1016/j.ssi.2009.07.002"
"solid","Li7La3Ta2O13","60","9.33E-06","-5.030118356","Garnet","#N/A","10.1016/j.ssi.2009.07.002"
"solid","Li7La3Ta2O13","30","2.65E-06","-5.576754126","Garnet","Oxides","10.1016/j.ssi.2009.07.002"
"solid","Li0.5La0.5TiO3","134","3.76E-03","-2.424812155","Perovskite","#N/A","10.1016/j.ssi.2009.08.002"
"solid","Li0.5La0.5TiO3","118","2.80E-03","-2.552841969","Perovskite","#N/A","10.1016/j.ssi.2009.08.002"
"solid","Li0.5La0.5TiO3","102","1.93E-03","-2.714442691","Perovskite","#N/A","10.1016/j.ssi.2009.08.002"
"solid","Li0.5La0.5TiO3","72","6.02E-04","-3.220403509","Perovskite","#N/A","10.1016/j.ssi.2009.08.002"
"solid","Li0.5La0.5TiO3","44","1.59E-04","-3.798602876","Perovskite","#N/A","10.1016/j.ssi.2009.08.002"
"solid","Li0.24La0.59TiO3","29","7.60E-05","-4.119186408","Perovskite","Oxides","10.1016/j.ssi.2009.08.002"
"solid","Li0.5La0.5TiO3","19","5.61E-05","-4.251037139","Perovskite","Oxides","10.1016/j.ssi.2009.08.002"
"solid","Li5La3Ta2O12","60","1.52E-05","-4.818156412","Garnet","#N/A","10.1016/j.ssi.2009.11.015"
"solid","Li5La3Ta2O12","50","8.39E-06","-5.076238039","Garnet","#N/A","10.1016/j.ssi.2009.11.015"
"solid","Li5La3Ta2O12","25","1.51E-06","-5.821023053","Garnet","Oxides","10.1016/j.ssi.2009.11.015"
"solid","""(Li2O)16.6 (SiO2)83.4""","179","2.77E-06","-5.557520231","Glass","#N/A","10.1016/S0022-3093(99)00688-2"
"solid","""(Li2O)16.6 (SiO2)83.4""","135","3.53E-07","-6.452225295","Glass","#N/A","10.1016/S0022-3093(99)00688-2"
"solid","""(Li2O)16.6 (SiO2)83.4""","90","3.21E-08","-7.493494968","Glass","#N/A","10.1016/S0022-3093(99)00688-2"
"solid","Li4.2Ge0.8Ga0.2S4","202","5.39E-03","-2.268411235","Thio-LISICON","#N/A","10.1016/S0167-2738(00)00277-0"
"solid","Li4.2Ge0.8Ga0.2S4","125","1.79E-03","-2.747146969","Thio-LISICON","#N/A","10.1016/S0167-2738(00)00277-0"
"solid","Li4.2Ge0.8Ga0.2S4","74","4.15E-04","-3.381951903","Thio-LISICON","#N/A","10.1016/S0167-2738(00)00277-0"
"solid","Li4.2Ge0.8Ga0.2S4","25","6.50E-05","-4.187086643","Thio-LISICON","Sulphides","10.1016/S0167-2738(00)00277-0"
"solid","Li1.076Al0.6923Ti1.462(PO4)3","58","3.74E-03","-2.427128398","NASICON","#N/A","10.1016/S0167-2738(97)00018-0"
"solid","Li1.076Al0.6923Ti1.462(PO4)3","21","8.25E-04","-3.083546051","NASICON","Oxides","10.1016/S0167-2738(97)00018-0"
"solid","Li1.5Al0.5Ge1.5(PO4)3","25","2.18E-04","-3.661543506","NASICON","Oxides","10.1016/S0167-2738(97)00434-7"
"solid","LiGe2(PO4)3","21.23","1.00E-06","-6","NASICON","Oxides","10.1016/S0167-2738(97)00434-7"
"solid","Li4Nd3TeSbO12","200","2.64E-05","-4.578396073","Garnet","#N/A","10.1021/cm703677q"
"solid","Li4Nd3TeSbO12","25","8.70E-09","-8.060480747","Garnet","Oxides","10.1021/cm703677q"
"solid","""(Li2O)50 (LiF)20 (P2O5)30""","106","7.99E-05","-4.097453221","Glass","#N/A","10.1134/S1023193509050048"
"solid","""(Li2O)50 (LiF)20 (P2O5)30""","53","4.52E-06","-5.344861565","Glass","#N/A","10.1134/S1023193509050048"
"solid","""(Li2O)50 (LiF)20 (P2O5)30""","25","4.40E-07","-6.356547324","Glass","Oxides and Other Anions","10.1134/S1023193509050048"
"solid","""(Li2O)50 (LiF)20 (P2O5)30""","88","2.24E-05","-4.649751982","Glass","#N/A","10.1134/S1023193509050048"
"solid","Li3.2Ge0.2P0.8S4","290","1.00E-01","-1","Thio-LISICON","#N/A","10.1149/1.1379028"
"solid","Li3.6Ge0.6P0.4S4","290","6.31E-02","-1.199970641","Thio-LISICON","#N/A","10.1149/1.1379028"
"solid","Li3.8Ge0.8P0.2S4","290","1.26E-02","-1.899629455","Thio-LISICON","#N/A","10.1149/1.1379028"
"solid","Li9SiAlO8","30","2.30E-07","-6.638272164","Glass","Oxides","10.1149/1.1836980"
"solid","Li6Sr0.5Ba0.5La2Ta2O12","200","5.70E-03","-2.244125144","Garnet","#N/A","10.1149/1.2800764"
"solid","Li6SrLa2Ta2O12","200","5.89E-03","-2.229884705","Garnet","#N/A","10.1149/1.2800764"
"solid","Li6Sr0.5Ba0.5La2Ta2O12","150","1.63E-03","-2.787812396","Garnet","#N/A","10.1149/1.2800764"
"solid","Li6SrLa2Ta2O12","149","1.50E-03","-2.823908741","Garnet","#N/A","10.1149/1.2800764"
"solid","Li6Sr0.5Ba0.5La2Ta2O12","100","3.33E-04","-3.477555766","Garnet","#N/A","10.1149/1.2800764"
"solid","Li6SrLa2Ta2O12","100","2.68E-04","-3.571865206","Garnet","#N/A","10.1149/1.2800764"
"solid","Li6BaLa2Ta2O12","50","1.30E-04","-3.886056648","Garnet","#N/A","10.1149/1.2800764"
"solid","Li6Sr0.5Ba0.5La2Ta2O12","50","4.96E-05","-4.304518324","Garnet","#N/A","10.1149/1.2800764"
"solid","Li6MgLa2Ta2O12","100","2.45E-05","-4.610833916","Garnet","#N/A","10.1149/1.2800764"
"solid","Li6SrLa2Ta2O12","50","3.66E-05","-4.436518915","Garnet","#N/A","10.1149/1.2800764"
"solid","Li6CaLa2Ta2O12","100","3.58E-05","-4.446116973","Garnet","#N/A","10.1149/1.2800764"
"solid","Li6BaLa2Ta2O12","17","2.25E-05","-4.647817482","Garnet","Oxides","10.1149/1.2800764"
"solid","Li6SrLa2Ta2O12","33","1.38E-05","-4.860120914","Garnet","Oxides","10.1149/1.2800764"
"solid","Li6Sr0.5Ba0.5La2Ta2O12","20","8.08E-06","-5.092588639","Garnet","Oxides","10.1149/1.2800764"
"solid","Li6Sr0.5Ba0.5La2Ta2O12","33","6.46E-06","-5.189767482","Garnet","Oxides","10.1149/1.2800764"
"solid","Li6CaLa2Ta2O12","50","3.59E-06","-5.444905551","Garnet","#N/A","10.1149/1.2800764"
"solid","Li6MgLa2Ta2O12","50","2.74E-06","-5.562249437","Garnet","#N/A","10.1149/1.2800764"
"solid","Li3.2Ge0.2P0.8S4","27","5.40E-04","-3.26760624","Thio-LISICON","Sulphides","10.1149/1.1379028"
"solid","Li6.75La3Zr1.75Ta0.25O12","25","8.96E-04","-3.04769199","Garnet","Oxides","10.1016/j.jpowsour.2012.01.131"
"solid","""(Li2S)50 (P2S5)17 (LiBH4)33""","25","1.43E-03","-2.844663963","Glass","Sulphides and Other Anions","10.1016/j.jpowsour.2012.12.001"
"solid","Li2.7Cr1.7Hf0.3(PO4)3","171","2.25E-05","-4.647817482","NASICON","#N/A","10.1016/S0167-2738(98)00207-0"
"solid","Li2.5Cr1.5Hf0.5(PO4)3","300","3.55E-04","-3.449771647","NASICON","#N/A","10.1016/S0167-2738(98)00207-0"
"solid","Li1.7Cr0.7Hf1.3(PO4)3","300","5.28E-04","-3.277366077","NASICON","#N/A","10.1016/S0167-2738(98)00207-0"
"solid","Li2.3Cr1.3Hf0.7(PO4)3","300","1.81E-04","-3.742321425","NASICON","#N/A","10.1006/jssc.2000.8658"
"solid","Li2CrHf(PO4)3","300","3.35E-04","-3.474955193","NASICON","#N/A","10.1016/S0167-2738(96)00565-6"
"solid","Li1.3Fe0.3Ti1.7(PO4)3","300","8.58E-03","-2.066512712","NASICON","#N/A","10.1007/s10008-002-0314-3"
"solid","Li2AlZr(PO4)3","300","3.40E-06","-5.468521083","NASICON","#N/A","10.1007/s10008-008-0520-8"
"solid","Li1.3Al0.1Sc0.2Ti1.7(PO4)3","25","4.26E-04","-3.370590401","NASICON","Oxides","10.1007/s10008-012-1780-x"
"solid","Li1.3Al0.2Sc0.1Ti1.7(PO4)3","25","2.69E-04","-3.57024772","NASICON","Oxides","10.1007/s10008-012-1780-x"
"solid","Li1.15Fe0.15Ti1.85(PO4)3","25","5.22E-04","-3.282329497","NASICON","Oxides","10.1007/s11164-013-1348-0"
"solid","LiTi2(PO4)3","25","7.20E-05","-4.142667504","NASICON","Oxides","10.1007/s11164-013-1348-0"
"solid","Li0.95Hf1.95Ta0.05(PO4)3","300","6.60E-04","-3.180456064","Lysonite","#N/A","10.1016/0025-5408(77)90161-1"
"solid","Li0.95Zr1.95Ta0.05(PO4)3","300","7.30E-04","-3.13667714","NASICON","#N/A","10.1016/0025-5408(77)90161-1"
"solid","Li0.9Zr1.9Ta0.1(PO4)3","300","9.50E-04","-3.022276395","NASICON","#N/A","10.1016/0025-5408(77)90161-1"
"solid","Li0.5Hf1.5Ta0.5(PO4)3","200","9.30E-04","-3.031517051","NASICON","#N/A","10.1016/0025-5408(77)90161-1"
"solid","Li0.8Zr1.8Nb0.2(PO4)3","200","7.40E-05","-4.13076828","NASICON","#N/A","10.1016/0025-5408(77)90161-1"
"solid","Li0.5Zr1.5Ta0.5(PO4)3","200","9.00E-04","-3.045757491","NASICON","#N/A","10.1016/0025-5408(77)90161-1"
"solid","Li0.85Hf1.85Ta0.15(PO4)3","200","5.10E-04","-3.292429824","NASICON","#N/A","10.1016/0025-5408(77)90161-1"
"solid","Li0.5Zr1.5Nb0.5(PO4)3","200","1.97E-03","-2.705533774","NASICON","#N/A","10.1016/0025-5408(89)90129-3"
"solid","Li0.6Zr1.6Nb0.4(PO4)3","200","2.92E-04","-3.534617149","NASICON","#N/A","10.1016/0025-5408(89)90129-3"
"solid","Li0.8Hf1.8Nb0.2(PO4)3","200","2.13E-04","-3.671620397","NASICON","#N/A","10.1016/0025-5408(89)90129-3"
"solid","Li0.1Zr1.1Nb0.9(PO4)3","200","1.97E-03","-2.705533774","NASICON","#N/A","10.1016/0025-5408(89)90129-3"
"solid","LiHfTi(PO4)3","23","5.63E-07","-6.249491605","NASICON","Oxides","10.1016/0025-5408(89)90129-3"
"solid","Li0.2Zr1.2Nb0.8(PO4)3","25","2.38E-07","-6.623423043","NASICON","Oxides","10.1016/0025-5408(89)90129-3"
"solid","Li3Fe2(PO4)3","50","5.60E-08","-7.251811973","NASICON","#N/A","10.1016/0167-2738(83)90101-7"
"solid","Li3Cr2(PO4)3","50","2.50E-08","-7.602059991","NASICON","#N/A","10.1016/0167-2738(83)90101-7"
"solid","Li1.6Ga0.6Ti1.4(PO4)3","25","1.30E-05","-4.886056648","NASICON","Oxides","10.1016/0167-2738(86)90176-1"
"solid","Li1.2Sc0.2Ti1.8(PO4)3","25","2.46E-04","-3.609064893","NASICON","Oxides","10.1016/0167-2738(86)90179-7"
"solid","Li1.8Sc0.8Ti1.2(PO4)3","25","8.80E-04","-3.055517328","NASICON","Oxides","10.1016/0167-2738(86)90179-7"
"solid","Li1.3Sc0.3Ti1.7(PO4)3","25","5.68E-04","-3.245651664","NASICON","Oxides","10.1016/0167-2738(86)90179-7"
"solid","Li1.1Sc0.1Ti1.9(PO4)3","25","1.58E-04","-3.801342913","NASICON","Oxides","10.1016/0167-2738(86)90179-7"
"solid","Li1.2Sc0.2Ti1.6Zr0.2(PO4)3","25","1.20E-04","-3.920818754","NASICON","Oxides","10.1016/0167-2738(86)90179-7"
"solid","LiTi1.75Zr0.25(PO4)3","154","7.35E-05","-4.133712661","NASICON","#N/A","10.1016/0167-2738(90)90188-W"
"solid","Li1.3In0.3Hf1.7(PO4)3","25","1.00E-05","-5","NASICON","Oxides","10.1016/0167-2738(86)90179-7"
"solid","LiTi0.2Zr1.8(PO4)3","25","5.60E-08","-7.251811973","NASICON","Oxides","10.1016/0167-2738(86)90179-7"
"solid","Li1.2Sc0.2Ti0.2Zr1.5(PO4)3","25","3.10E-07","-6.508638306","NASICON","Oxides","10.1016/0167-2738(86)90179-7"
"solid","LiTi1.8Zr0.2(PO4)3","25","8.50E-08","-7.070581074","NASICON","Oxides","10.1016/0167-2738(86)90179-7"
"solid","LiTi0.5Zr1.5(PO4)3","25","6.20E-08","-7.207608311","NASICON","Oxides","10.1016/0167-2738(86)90179-7"
"solid","LiTi0.5Zr1.5(PO4)3","300","5.20E-04","-3.283996656","NASICON","#N/A","10.1016/0167-2738(86)90179-7"
"solid","LiTiZr(PO4)3","25","4.00E-08","-7.397940009","NASICON","Oxides","10.1016/0167-2738(86)90179-7"
"solid","LiTi0.1Zr1.9(PO4)3","25","3.20E-08","-7.494850022","NASICON","Oxides","10.1016/0167-2738(86)90179-7"
"solid","Li1.35In0.35Ti1.65(PO4)3","300","2.10E-02","-1.677780705","NASICON","#N/A","10.1016/0167-2738(86)90183-9"
"solid","Li1.2Al1.1Ta0.9(PO4)3","30","6.50E-07","-6.187086643","NASICON","Oxides","10.1039/A807007E"
"solid","LiAlTa(PO4)3","30","6.50E-07","-6.187086643","NASICON","Oxides","10.1039/A807007E"
"solid","Li2.8In1.8Ti0.2(PO4)3","300","8.24E-03","-2.084072788","NASICON","#N/A","10.1016/0167-2738(86)90183-9"
"solid","LiFeTa(PO4)3","350","3.35E-04","-3.474955193","NASICON","#N/A","10.1039/A807007E"
"solid","LiCrTa(PO4)3","61","3.16E-07","-6.500312917","NASICON","#N/A","10.1039/A807007E"
"solid","Li1.8Cr0.8Ti1.2(PO4)3","300","4.80E-03","-2.318758763","NASICON","#N/A","10.1016/0167-2738(88)90291-3"
"solid","Li1.5Cr0.5Ti1.5(PO4)3","25","3.91E-04","-3.407823243","NASICON","Oxides","10.1149/1.2086597"
"solid","Li1.6Cr0.6Ti1.4(PO4)3","25","1.47E-04","-3.832682665","NASICON","Oxides","10.1149/1.2086597"
"solid","Li1.3Cr0.3Ti1.7 (PO4)3","25","3.53E-05","-4.452225295","NASICON","Oxides","10.1149/1.2086597"
"solid","Li1.3Cr0.3Ge1.7(PO4)3","25","3.69E-05","-4.432973634","NASICON","Oxides","10.1016/0167-2738(88)90368-2"
"solid","Li3Al0.4Sc1.6(PO4)3","25","1.28E-05","-4.89279003","NASICON","Oxides","10.1016/0167-2738(93)90015-U"
"solid","Li1.2Fe0.2Hf1.8(PO4)3","25","1.70E-04","-3.769551079","NASICON","Oxides","10.1016/0167-2738(93)90387-I"
"solid","Li1.2In0.2Hf1.8(PO4)3","25","1.32E-04","-3.879426069","NASICON","Oxides","10.1016/0167-2738(93)90387-I"
"solid","Li1.3In0.3Hf1.7(PO4)3","25","1.42E-04","-3.847711656","NASICON","Oxides","10.1016/0167-2738(93)90387-I"
"solid","Li1.4In0.4Hf1.6(PO4)3","25","1.42E-04","-3.847711656","NASICON","Oxides","10.1016/0167-2738(93)90387-I"
"solid","Li1.1Fe0.1Hf1.9(PO4)3","25","1.07E-04","-3.970616222","NASICON","Oxides","10.1016/0167-2738(93)90387-I"
"solid","Li1.2Lu0.2Hf1.8(PO4)3","25","9.79E-05","-4.009217308","NASICON","Oxides","10.1016/0167-2738(93)90387-I"
"solid","Li1.2Y0.2Hf1.8(PO4)3","25","3.19E-05","-4.496209317","NASICON","Oxides","10.1016/0167-2738(93)90387-I"
"solid","Li1.1Y0.1Hf1.9(PO4)3","25","9.18E-05","-4.037157319","NASICON","Oxides","10.1016/0167-2738(93)90387-I"
"solid","Li1.2Sc0.2Hf1.8(PO4)3","25","5.86E-05","-4.232102384","NASICON","Oxides","10.1016/0167-2738(93)90387-I"
"solid","Li1.3Sc0.3Hf1.7(PO4)3","25","8.32E-05","-4.079876674","NASICON","Oxides","10.1016/0167-2738(93)90387-I"
"solid","Li1.1Lu0.1Hf1.9(PO4)3","25","5.88E-05","-4.230622674","NASICON","Oxides","10.1016/0167-2738(93)90387-I"
"solid","Li1.4Y0.4Hf1.6(PO4)3","25","2.09E-05","-4.679853714","NASICON","Oxides","10.1016/0167-2738(93)90387-I"
"solid","Li1.4Sc0.4Hf1.6(PO4)3","25","6.17E-05","-4.209714836","NASICON","Oxides","10.1016/0167-2738(93)90387-I"
"solid","Li1.3Fe0.3Hf1.7(PO4)3","25","5.40E-05","-4.26760624","NASICON","Oxides","10.1016/0167-2738(93)90387-I"
"solid","Li1.3Lu0.3Hf1.7(PO4)3","25","3.56E-05","-4.448550002","NASICON","Oxides","10.1016/0167-2738(93)90387-I"
"solid","Li1.3Y0.3Hf1.7(PO4)3","25","3.19E-05","-4.496209317","NASICON","Oxides","10.1016/0167-2738(93)90387-I"
"solid","Li1.1Sc0.1Hf1.9(PO4)3","25","2.45E-05","-4.610833916","NASICON","Oxides","10.1016/0167-2738(93)90387-I"
"solid","Li1.4Lu0.4Hf1.6(PO4)3","25","2.06E-05","-4.68613278","NASICON","Oxides","10.1016/0167-2738(93)90387-I"
"solid","Li1.1In0.1Hf1.9(PO4)3","25","1.00E-06","-6","NASICON","Oxides","10.1016/0167-2738(93)90387-I"
"solid","Li1.3Cr0.3Hf1.7(PO4)3","25","5.26E-07","-6.279014256","NASICON","Oxides","10.1016/0167-2738(93)90387-I"
"solid","Li1.2Cr0.2Hf1.8(PO4)3","25","2.54E-07","-6.595166283","NASICON","Oxides","10.1016/0167-2738(93)90387-I"
"solid","Li1.5Cr0.5Hf1.5(PO4)3","25","1.18E-07","-6.928117993","NASICON","Oxides","10.1016/0167-2738(93)90387-I"
"solid","Li1.1Cr0.1Hf1.9(PO4)3","25","9.35E-08","-7.029188389","NASICON","Oxides","10.1016/0167-2738(93)90387-I"
"solid","Li1.3Eu0.3Ti1.7(PO4)3","25","6.00E-05","-4.22184875","NASICON","Oxides","10.1016/0167-2738(94)90299-2"
"solid","LiZr2(PO4)3","25","3.30E-06","-5.48148606","NASICON","Oxides","10.1016/0167-2738(90)90188-W"
"solid","LiHf2(PO4)3","25","3.80E-06","-5.420216403","NASICON","Oxides","10.1016/B978-0-08-021592-1.50024-6"
"solid","Li1.3Al0.3Ge1.4Ti0.3(PO4)3","227","1.10E-03","-2.958607315","NASICON","#N/A","10.1016/j.electacta.2005.12.055"
"solid","Li1.15Y0.15Zr1.85(PO4)3","25","7.10E-05","-4.148741651","NASICON","Oxides","10.1016/j.jpowsour.2013.03.175"
"solid","LiZr2(PO4)3","25","5.00E-08","-7.301029996","NASICON","Oxides","10.1016/j.jpowsour.2013.03.175"
"solid","Li0.8Zr1.8Ta0.2(PO4)3","200","7.40E-05","-4.13076828","NASICON","#N/A","10.1016/0025-5408(77)90161-1"
"solid","Li1.3Al0.29Sc0.01Ti1.7(PO4)3","140","1.19E-04","-3.924453039","NASICON","#N/A","10.1016/j.physb.2016.04.027"
"solid","Li1.3Al0.25Sc0.05Ti1.7(PO4)3","140","1.08E-04","-3.966576245","NASICON","#N/A","10.1016/j.physb.2016.04.027"
"solid","Li1.3Al0.27Sc0.03Ti1.7(PO4)3","140","8.47E-05","-4.07211659","NASICON","#N/A","10.1016/j.physb.2016.04.027"
"solid","Li1.3Al0.23Sc0.07Ti1.7(PO4)3","140","7.00E-05","-4.15490196","NASICON","#N/A","10.1016/j.physb.2016.04.027"
"solid","Li1.02Zr1.98Y0.02(PO4)3","25","1.15E-07","-6.93930216","NASICON","Oxides","10.1016/j.ssi.2003.12.037"
"solid","Li0.9Zr1.9Nb0.1(PO4)3","25","1.35E-06","-5.869666232","NASICON","Oxides","10.1016/j.ssi.2003.12.037"
"solid","Li0.98Zr1.98Nb0.02(PO4)3","25","2.50E-07","-6.602059991","NASICON","Oxides","10.1016/j.ssi.2003.12.037"
"solid","Li1.3Al0.2Y0.1Ti1.7(PO4)3","25","1.20E-04","-3.920818754","NASICON","Oxides","10.1016/j.ssi.2012.05.011"
"solid","Li1.3Al0.1Y0.2Ti1.7(PO4)3","25","7.30E-05","-4.13667714","NASICON","Oxides","10.1016/j.ssi.2012.05.011"
"solid","Li1.3Al0.15Y0.15Ti1.7(PO4)3","25","1.90E-05","-4.721246399","NASICON","Oxides","10.1016/j.ssi.2012.05.011"
"solid","Li1.4Al0.4Ge0.2Ti1.4(PO4)3","25","1.29E-03","-2.88941029","NASICON","Oxides","10.1016/j.ssi.2013.09.022"
"solid","Li1.4Al0.4Ge1.2Ti0.4(PO4)3","25","3.43E-04","-3.46470588","NASICON","Oxides","10.1016/j.ssi.2013.09.022"
"solid","Li1.4Al0.4Ge1.6(PO4)3","25","1.77E-04","-3.752026734","NASICON","Oxides","10.1016/j.ssi.2013.09.022"
"solid","Li2InTi(PO4)3","25","8.30E-06","-5.080921908","NASICON","Oxides","10.1016/S0167-2738(96)00565-6"
"solid","Li2CrZr(PO4)3","25","5.91E-07","-6.228412519","NASICON","Oxides","10.1016/S0167-2738(96)00565-6"
"solid","Li2CrTi(PO4)3","25","4.41E-07","-6.355561411","NASICON","Oxides","10.1016/S0167-2738(96)00565-6"
"solid","Li2FeTi(PO4)3","25","3.34E-07","-6.476253533","NASICON","Oxides","10.1016/S0167-2738(96)00565-6"
"solid","Li2FeZr(PO4)3","25","1.44E-07","-6.841637508","NASICON","Oxides","10.1016/S0167-2738(96)00565-6"
"solid","Li2InZr(PO4)3","25","8.22E-08","-7.085128182","NASICON","Oxides","10.1016/S0167-2738(96)00565-6"
"solid","Li2InHf(PO4)3","25","2.74E-08","-7.562249437","NASICON","Oxides","10.1016/S0167-2738(96)00565-6"
"solid","Li1.7Fe0.7Hf1.3(PO4)3","171","2.68E-05","-4.571865206","NASICON","#N/A","10.1016/S0167-2738(98)00207-0"
"solid","Li2.9Sc1.9Zr0.1(PO4)3","150","1.06E-03","-2.974694135","NASICON","#N/A","10.1016/S0925-8388(96)02746-6"
"solid","Li2.9Sc1.9Zr0.1(PO4)3","273","1.44E-02","-1.841637508","NASICON","#N/A","10.1016/S0925-8388(96)02746-6"
"solid","Li3Sc2(PO4)3","150","3.49E-06","-5.457174573","NASICON","#N/A","10.1016/S0925-8388(96)02746-6"
"solid","Li1.7Al0.7Ge1.3(PO4)3","25","1.50E-04","-3.823908741","NASICON","Oxides","10.1016/S0955-2219(99)00055-2"
"solid","Li1.5Al0.5Ge1.5(PO4)3","25","2.80E-04","-3.552841969","NASICON","Oxides","10.1016/S0955-2219(99)00055-2"
"solid","Li1.6Al0.6Ge1.4(PO4)3","25","1.40E-04","-3.853871964","NASICON","Oxides","10.1016/S0955-2219(99)00055-2"
"solid","Li1.3Al0.3Ge1.7(PO4)3","25","3.90E-05","-4.408935393","NASICON","Oxides","10.1016/S0955-2219(99)00055-2"
"solid","Li1.7Al0.7Ti1.3(PO4)3","25","3.70E-05","-4.431798276","NASICON","Oxides","10.1016/S0955-2219(99)00055-2"
"solid","Li1.1Al0.1Ti1.9(PO4)3","25","3.00E-05","-4.522878745","NASICON","Oxides","10.1016/S0955-2219(99)00055-2"
"solid","Li1.1Al0.1Ge1.9(PO4)3","25","2.90E-06","-5.537602002","NASICON","Oxides","10.1016/S0955-2219(99)00055-2"
"solid","Li1.5Al0.5Ti1.5(PO4)3","25","1.10E-05","-4.958607315","NASICON","Oxides","10.1021/cm010528i"
"solid","Li1.05Al0.05Ti1.95(PO4)","25","1.40E-06","-5.853871964","NASICON","Oxides","10.1021/cm010528i"
"solid","Li1.6Al0.6Ge0.8Ti0.6(PO4)3","25","1.10E-04","-3.958607315","NASICON","Oxides","10.1021/cm021717j"
"solid","Li1.4Al0.4Ge1.0Ti0.6(PO4)3","25","8.00E-05","-4.096910013","NASICON","Oxides","10.1021/cm021717j"
"solid","Li1.8Al0.8Ge0.8Ti0.4(PO4)3","25","7.00E-05","-4.15490196","NASICON","Oxides","10.1021/cm021717j"
"solid","Li1.4Al0.4Ge0.8Ti0.8(PO4)3","25","6.00E-05","-4.22184875","NASICON","Oxides","10.1021/cm021717j"
"solid","Li1.6Al0.6Ge1.0Ti0.4(PO4)3","25","5.00E-05","-4.301029996","NASICON","Oxides","10.1021/cm021717j"
"solid","Li1.2Al0.2Ge0.8Ti(PO4)3","25","3.00E-05","-4.522878745","NASICON","Oxides","10.1021/cm021717j"
"solid","Li1.2Al0.2Ge1.0Ti0.8(PO4)3","25","3.00E-05","-4.522878745","NASICON","Oxides","10.1021/cm021717j"
"solid","Li1.8Al0.8Ge1.0Ti0.2(PO4)3","25","3.00E-05","-4.522878745","NASICON","Oxides","10.1021/cm021717j"
"solid","Li1.2Ga0.2Ti1.8(PO4)3","250","6.60E-07","-6.180456064","NASICON","#N/A","10.1021/cm030422i"
"solid","LiGe2(PO4)3","25","7.20E-07","-6.142667504","NASICON","Oxides","10.1021/jp9085602"
"solid","LiCrSb(PO4)3","30","3.57E-10","-9.447331784","NASICON","Oxides","10.1063/1.2357843"
"solid","LiAlSb(PO4)3","30","3.17E-08","-7.498940738","NASICON","Oxides","10.1063/1.2357843"
"solid","LiFeSb(PO4)3","30","1.37E-06","-5.863279433","NASICON","Oxides","10.1063/1.2357843"
"solid","Li1.3Al0.3Ti1.7(PO4)3","25","2.16E-03","-2.665546249","NASICON","Oxides","10.1149/1.2086597"
"solid","Li1.3Sc0.3Ti1.7(PO4)3","25","7.94E-04","-3.100179498","NASICON","Oxides","10.1149/1.2086597"
"solid","Li1.2Y0.2Ti1.8(PO4)3","25","5.04E-04","-3.297569464","NASICON","Oxides","10.1149/1.2086597"
"solid","Li1.4Y0.4Ti1.6(PO4)3","25","6.10E-04","-3.214670165","NASICON","Oxides","10.1149/1.2096693"
"solid","Li0.7Al0.3Ti1.7(PO4)3","25","5.88E-04","-3.230622674","NASICON","Oxides","10.1149/1.2086597"
"solid","Li1.3Y0.3Ti1.7(PO4)3","25","5.54E-04","-3.256490235","NASICON","Oxides","10.1149/1.2086597"
"solid","Li1.2Fe0.2Ti1.8(PO4)3","25","3.51E-04","-3.454692884","NASICON","Oxides","10.1149/1.2086597"
"solid","Li1.4Sc0.4Ti1.6(PO4)3","25","5.15E-04","-3.288192771","NASICON","Oxides","10.1149/1.2086597"
"solid","Li1.2In0.2Ti1.8(PO4)3","25","4.01E-04","-3.396855627","NASICON","Oxides","10.1149/1.2086597"
"solid","Li1.4Fe0.4Ti1.6(PO4)3","25","3.86E-04","-3.413412695","NASICON","Oxides","10.1149/1.2086597"
"solid","Li1.4In0.4Ti1.6(PO4)3","25","3.00E-04","-3.522878745","NASICON","Oxides","10.1149/1.2086597"
"solid","Li1.5In0.5Ti1.5(PO4)3","25","2.04E-04","-3.690369833","NASICON","Oxides","10.1149/1.2086597"
"solid","Li1.5Fe0.5Ti1.5(PO4)3","25","1.75E-04","-3.756961951","NASICON","Oxides","10.1149/1.2086597"
"solid","Li1.4Cr0.4Ti1.6(PO4)3","25","1.50E-04","-3.823908741","NASICON","Oxides","10.1149/1.2086597"
"solid","Li1.5Y0.5Ti1.5(PO4)3","25","5.44E-05","-4.2644011","NASICON","Oxides","10.1149/1.2086597"
"solid","Li1.2Cr0.2Ti1.8(PO4)3","25","1.83E-05","-4.73754891","NASICON","Oxides","10.1149/1.2086597"
"solid","Li1.2La0.2Ti1.8(PO4)3","25","5.28E-04","-3.277366077","NASICON","Oxides","10.1149/1.2096693"
"solid","Li1.3La0.3Ti1.7(PO4)3","25","5.28E-04","-3.277366077","NASICON","Oxides","10.1149/1.2096693"
"solid","Li1.4La0.4Ti1.6(PO4)3","25","4.97E-04","-3.303643611","NASICON","Oxides","10.1149/1.2096693"
"solid","Li1.5La0.5Ti1.5(PO4)3","25","2.82E-04","-3.549750892","NASICON","Oxides","10.1149/1.2096693"
"solid","LiSn2(PO4)3","25","2.00E-09","-8.698970004","NASICON","Oxides","10.1149/1.2220723"
"solid","Li1.3Sc0.3Ge1.7(PO4)3","25","2.98E-05","-4.525783736","NASICON","Oxides","10.1246/bcsj.65.2200"
"solid","Li1.5Ga0.5Ge1.5(PO4)3","25","1.17E-04","-3.931814138","NASICON","Oxides","10.1246/bcsj.65.2200"
"solid","Li1.3Cr0.3Ge1.7(PO4)3","25","2.44E-05","-4.612610174","NASICON","Oxides","10.1246/bcsj.65.2200"
"solid","Li1.3Fe0.3Ge1.7(PO4)3","25","3.67E-05","-4.435333936","NASICON","Oxides","10.1246/bcsj.65.2200"
"solid","Li1.5Sc0.5Ge1.5(PO4)3","25","2.51E-05","-4.600326279","NASICON","Oxides","10.1246/bcsj.65.2200"
"solid","Li1.7Fe0.7Ge1.3(PO4)3","25","2.37E-05","-4.625251654","NASICON","Oxides","10.1246/bcsj.65.2200"
"solid","Li1.7Ga0.7Ge1.3(PO4)3","25","2.43E-05","-4.614393726","NASICON","Oxides","10.1246/bcsj.65.2200"
"solid","Li1.3In0.3Ge1.7(PO4)3","25","9.22E-06","-5.035269079","NASICON","Oxides","10.1246/bcsj.65.2200"
"solid","Li1.5In0.5Ge1.5(PO4)3","25","5.75E-06","-5.240332155","NASICON","Oxides","10.1246/bcsj.65.2200"
"solid","Li1.45Al0.45Ge0.2Ti1.35(PO4)3","25","1.01E-03","-2.995678626","NASICON","Oxides","10.3389/fenrg.2016.00012"
"solid","Li1.40Al0.4Ge0.2Ti1.4(PO4)3","25","1.00E-03","-3","NASICON","Oxides","10.3389/fenrg.2016.00012"
"solid","Li1.50Al0.50Ge0.2Ti1.3(PO4)3","25","7.37E-04","-3.132532512","NASICON","Oxides","10.3389/fenrg.2016.00012"
"solid","Li1.35Al0.35Ge0.2Ti1.45(PO4)3","25","6.18E-04","-3.209011525","NASICON","Oxides","10.3389/fenrg.2016.00012"
"solid","Li1.55Al0.55Ge0.2Ti1.25(PO4)3","25","7.02E-05","-4.153662888","NASICON","Oxides","10.3389/fenrg.2016.00012"
"solid","Li1.45Al0.45Ti1.55(PO4)","25","2.90E-04","-3.537602002","NASICON","Oxides","10.5796/electrochemistry.82.870"
"solid","Li1.5Mg2.5V0.5Mo2.5O12","440","1.00E-06","-6","Lysonite","#N/A","10.1016/j.jssc.2010.08.042"
"solid","Li7Ge3PS12","25","1.10E-04","-3.958607315","Thio-LISICON","Sulphides","10.1016/j.jssc.2016.12.001"
"solid","Li3.2PO3.1N0.7","25","5.00E-07","-6.301029996","LISICON","Oxides and Other Anions","10.1016/j.ssi.2005.10.021"
"solid","Li2TiO3","186","3.52E-08","-7.453457337","Rocksalt","#N/A","10.1016/j.ssi.2006.11.002"
"solid","Li1.9Mg0.1TiO3.05","600","1.07E-03","-2.970616222","Rocksalt","#N/A","10.1016/j.ssi.2008.03.001"
"solid","Li1.9Mg0.1TiO3.05","300","1.20E-05","-4.920818754","Rocksalt","#N/A","10.1016/j.ssi.2008.03.001"
"solid","LiFePO4 ","30","1.10E-09","-8.958607315","Olivine","Oxides","10.1016/j.ssi.2008.06.028"
"solid","Li1.3Al0.3Ti1.7(PO4)3","25","3.00E-03","-2.522878745","NASICON","Oxides","10.1016/S0955-2219(99)00055-2"
"solid","Li6PS5Cl","150.58","2.14E-02","-1.669586227","Argyrodite","#N/A","10.1016/j.ssi.2012.06.008"
"solid","Li6PS5Cl","50.47","1.32E-03","-2.879426069","Argyrodite","#N/A","10.1016/j.ssi.2012.06.008"
"solid","Li6PS5Cl","25.36","5.37E-04","-3.270025714","Argyrodite","Sulphides and Other Anions","10.1016/j.ssi.2012.06.008"
"solid","Li6PS5Cl","18.82","3.76E-04","-3.424812155","Argyrodite","Sulphides and Other Anions","10.1016/j.ssi.2012.06.008"
"solid","Li4P2S6","25","2.57E-07","-6.590066877","Glass","Sulphides","10.1016/j.ssi.2015.10.015"
"solid","Li3OBr","25","1.06E-06","-5.974694135","Anti-Perovskite","Oxides and Other Anions","10.1016/j.ssi.2015.11.027"
"solid","""(Li2O)50((SeO2)0.5 (B2O3)0.5)50""","27","7.54E-07","-6.122628654","Glass","Oxides","10.1016/S0167-2738(02)00137-6"
"solid","(YPO4)0.8(Li3PO4)0.2","867","2.75E-01","-0.560667306","Zircon","#N/A","10.1016/0167-2738(89)90457-8"
"solid","(YPO4)0.9(Li3PO4)0.1","873","1.35E-01","-0.869666232","Zircon","#N/A","10.1016/0167-2738(89)90457-8"
"solid","(YPO4)0.7(Li3PO4)0.3","791","6.82E-02","-1.166215625","Zircon","#N/A","10.1016/0167-2738(89)90457-8"
"solid","(YPO4)0.8(Li3PO4)0.2","585","3.74E-02","-1.427128398","Zircon","#N/A","10.1016/0167-2738(89)90457-8"
"solid","(YPO4)0.8(Li3PO4)0.2","486","5.37E-03","-2.270025714","Zircon","#N/A","10.1016/0167-2738(89)90457-8"
"solid","(YPO4)0.7(Li3PO4)0.3","598.96","3.87E-03","-2.412289035","Zircon","#N/A","10.1016/0167-2738(89)90457-8"
"solid","(YPO4)0.9(Li3PO4)0.1","400","1.21E-04","-3.91721463","Zircon","#N/A","10.1016/0167-2738(89)90457-8"
"solid","(YPO4)0.5(Li3PO4)0.5","523.93","2.45E-04","-3.610833916","Zircon","#N/A","10.1016/0167-2738(89)90457-8"
"solid","(YPO4)0.7(Li3PO4)0.3","485.26","2.13E-04","-3.671620397","Zircon","#N/A","10.1016/0167-2738(89)90457-8"
"solid","(YPO4)0.5(Li3PO4)0.5","437.38","1.78E-05","-4.749579998","Zircon","#N/A","10.1016/0167-2738(89)90457-8"
"solid","(YPO4)0.7(Li3PO4)0.3","397.77","1.09E-05","-4.962573502","Zircon","#N/A","10.1016/0167-2738(89)90457-8"
"solid","LiGaSiO4","564.29","1.58E-06","-5.801342913","Phenakite","#N/A","10.1016/0167-2738(87)90048-8"
"solid","Li0.68Ga0.68Si2.33O6","276","8.19E-07","-6.086716098","Phenakite","#N/A","10.1016/0167-2738(87)90048-8"
"solid","Li0.96Ga0.96Si2.04O6","260","6.32E-07","-6.199282922","Phenakite","#N/A","10.1016/0167-2738(87)90048-8"
"solid","LiGaSiO4","475.75","2.80E-07","-6.552841969","Phenakite","#N/A","10.1016/0167-2738(87)90048-8"
"solid","Li0.68Ga0.68Si2.33O6","216.18","7.26E-08","-7.139063379","Phenakite","#N/A","10.1016/0167-2738(87)90048-8"
"solid","Li0.96Ga0.96Si2.04O6","208.82","7.26E-08","-7.139063379","Phenakite","#N/A","10.1016/0167-2738(87)90048-8"
"solid","Li0.96Ga0.96Si2.04O6","178.14","1.78E-08","-7.749579998","Phenakite","#N/A","10.1016/0167-2738(87)90048-8"
"solid","LiGaSiO4","341.15","1.35E-08","-7.869666232","Phenakite","#N/A","10.1016/0167-2738(87)90048-8"
"solid","LiGaSiO4","312.92","5.70E-09","-8.244125144","Phenakite","#N/A","10.1016/0167-2738(87)90048-8"
"solid","LiTi2P3O12","30","4.00E-07","-6.397940009","NASICON","Oxides","10.1016/0167-2738(94)90332-8"
"solid","LiZr2P3O12","30","5.00E-08","-7.301029996","NASICON","Oxides","10.1016/0167-2738(94)90332-8"
"solid","Li2InTi(PO4)3","200","1.22E-03","-2.913640169","NASICON","#N/A","10.1016/S0167-2738(96)00565-6"
"solid","Li1.6Al0.6Ge1.4 (PO4)3","25","3.80E-04","-3.420216403","Glass-Ceramic","Oxides","10.1016/S0167-2738(97)00434-7"
"solid","Li6.25PS5.25Cl0.75","25","1.40E-02","-1.853871964","Argyrodite","Sulphides and Other Anions","10.1016/j.apsusc.2019.07.041"
"solid","Li3.8Ge0.8P0.2O4","30","1.03E-06","-5.987162775","LISICON","Oxides","10.1021/acs.chemmater.8b01504"
"solid","Li3PO4","30","1.75E-13","-12.75696195","LISICON","Oxides","10.1021/acs.chemmater.8b01504"
"solid","Li3VO4","30","9.20E-14","-13.03621217","LISICON","Oxides","10.1021/acs.chemmater.8b01504"
"solid","Li3.2Ge0.2P0.8O4","30","1.14E-06","-5.943095149","LISICON","Oxides","10.1021/acs.chemmater.8b01504"
"solid","Li3V0.6P0.4O4","30","3.55E-13","-12.44977165","LISICON","Oxides","10.1021/acs.chemmater.8b01504"
"solid","Li3P0.2V0.8O4","30","1.31E-13","-12.88438949","LISICON","Oxides","10.1021/acs.chemmater.8b01504"
"solid","Li3.6Ge0.6P0.4O4","30","1.10E-05","-4.958607315","LISICON","Oxides","10.1021/acs.chemmater.8b01504"
"solid","Li3.4Ge0.4P0.6O4","30","4.50E-06","-5.346787486","LISICON","Oxides","10.1021/acs.chemmater.8b01504"
"solid","Li3.2Ge0.2V0.8O4","30","1.90E-05","-4.721246399","LISICON","Oxides","10.1021/acs.chemmater.8b01504"
"solid","Li3.6Ge0.6V0.4O4","30","3.19E-05","-4.496209317","LISICON","Oxides","10.1021/acs.chemmater.8b01504"
"solid","Li3.8Ge0.8V0.2O4","30","2.71E-06","-5.567030709","LISICON","Oxides","10.1021/acs.chemmater.8b01504"
"solid","Li3.4Ge0.4V0.6O4","30","8.89E-07","-6.051098239","LISICON","Oxides","10.1021/acs.chemmater.8b01504"
"solid","Li3P0.6V0.4O4","30","3.20E-13","-12.49485002","LISICON","Oxides","10.1021/acs.chemmater.8b01504"
"solid","Li4GeO4","30","1.30E-12","-11.88605665","LISICON","Oxides","10.1021/acs.chemmater.8b01504"
"solid","Li3P0.8V0.2O4","30","2.05E-13","-12.68824614","LISICON","Oxides","10.1021/acs.chemmater.8b01504"
"solid","Li6PS5Br","25","1.90E-04","-3.721246399","Argyrodite","Sulphides and Other Anions","10.1021/acsaem.8b00280"
"solid","Li4Al0.33Si0.33P0.33O4","249","4.71E-03","-2.326979093","LISICON","#N/A","10.1021/acsami.6b14402"
"solid","Li4Al0.33Si0.17Ge0.17P0.33O4","215","3.53E-03","-2.452225295","LISICON","#N/A","10.1021/acsami.6b14402"
"solid","Li4Al0.33Si0.17Ge0.17P0.33O4","47","3.93E-06","-5.40560745","LISICON","#N/A","10.1021/acsami.6b14402"
"solid","Li4.25Si0.75Al0.25O4","242","8.80E-04","-3.055517328","LISICON","#N/A","10.1021/acsami.6b14402"
"solid","Li3.75Si0.75P0.25O4","228.73","2.39E-04","-3.621602099","LISICON","#N/A","10.1021/acsami.6b14402"
"solid","Li4Al0.33Si0.33P0.33O4","125.29","1.98E-04","-3.70333481","LISICON","#N/A","10.1021/acsami.6b14402"
"solid","Li3.75Si0.75P0.25O4","149.36","2.91E-05","-4.536107011","LISICON","#N/A","10.1021/acsami.6b14402"
"solid","Li4Al0.33Si0.33P0.33O4","76.66","1.93E-05","-4.714442691","LISICON","#N/A","10.1021/acsami.6b14402"
"solid","Li4.25Si0.75Al0.25O4","124.96","6.37E-06","-5.195860568","LISICON","#N/A","10.1021/acsami.6b14402"
"solid","Li3.75Si0.75P0.25O4","100.96","5.03E-06","-5.298432015","LISICON","#N/A","10.1021/acsami.6b14402"
"solid","Li3.75Si0.75P0.25O4","75.47","2.46E-06","-5.609064893","LISICON","#N/A","10.1021/acsami.6b14402"
"solid","Li4.25Si0.75Al0.25O4","74.28","2.88E-07","-6.540607512","LISICON","#N/A","10.1021/acsami.6b14402"
"solid","Li4.25Si0.75Al0.25O4","50.34","4.10E-08","-7.387216143","LISICON","#N/A","10.1021/acsami.6b14402"
"solid","Li4SiO4","228.21","8.36E-06","-5.077793723","Other","#N/A","10.1021/acsami.6b14402"
"solid","Li4Al0.33Si0.33P0.33O4","50.64","4.75E-06","-5.32330639","Other","#N/A","10.1021/acsami.6b14402"
"solid","Li4SiO4","176.36","1.35E-06","-5.869666232","Other","#N/A","10.1021/acsami.6b14402"
"solid","Li4SiO4","100.52","3.11E-08","-7.507239611","Other","#N/A","10.1021/acsami.6b14402"
"solid","Li4SiO4","75.02","5.66E-09","-8.247183569","Other","#N/A","10.1021/acsami.6b14402"
"solid","Li6PS5I","25","6.30E-04","-3.200659451","Argyrodite","Sulphides and Other Anions","10.1007/s10008-011-1572-8"
"solid","Li5PS4(BH4)2","50","5.00E-03","-2.301029996","Argyrodite","#N/A","10.1021/acsomega.8b00377"
"solid","Li5PS4(BH4)2","25","7.96E-03","-2.099086932","Argyrodite","Sulphides and Other Anions","10.1021/acsomega.8b00377"
"solid","""(Li2S)0.75 (P2S5)0.25""","44.2","3.00E-04","-3.522878745","Other","#N/A","10.1021/acsomega.8b00377"
"solid","""(Li2S)0.75 (P2S5)0.25""","34.76","6.05E-04","-3.218244625","Glass","Sulphides","10.1021/acsomega.8b00377"
"solid","LiBH4","27","9.89E-08","-7.004803708","Other","Other","10.1021/acsomega.8b00377"
"solid","LiBH4","39.83","7.96E-08","-7.099086932","Other","#N/A","10.1021/acsomega.8b00377"
"solid","""(Li2S)0.75 (P2S5)0.25""","26.29","1.81E-04","-3.742321425","Glass","Sulphides","10.1021/acsomega.8b00377"
"solid","Li0.245La0.592Ti0.98Mn0.02O3","25","1.00E-03","-3","Perovskite","Oxides","10.1006/jssc.1998.7904"
"solid","La0.55Li0.36Ti0.995Al0.005O3","25","1.10E-03","-2.958607315","Perovskite","Oxides","10.1007/BF02375549"
"solid","La0.54Li0.36TiO3","25","8.90E-04","-3.050609993","Perovskite","Oxides","10.1007/BF02375549"
"solid","La0.51Li0.36Ti0.95W0.05O3","25","7.30E-04","-3.13667714","Perovskite","Oxides","10.1007/BF02375549"
"solid","La0.56Li0.36Ti0.95Al0.05O3","25","6.40E-04","-3.193820026","Perovskite","Oxides","10.1007/BF02375549"
"solid","La0.55Li0.36Ti0.95Ge0.05O3","25","3.60E-04","-3.443697499","Perovskite","Oxides","10.1007/BF02375549"
"solid","La0.58Li0.36Ti0.95Mg0.05O3","25","2.10E-04","-3.677780705","Perovskite","Oxides","10.1007/BF02375549"
"solid","La0.55Li0.36Ti0.95Mn0.05O3","25","1.90E-04","-3.721246399","Perovskite","Oxides","10.1007/BF02375549"
"solid","La0.55Li0.36Ti0.95Ru0.05O3","25","5.20E-05","-4.283996656","Perovskite","Oxides","10.1007/BF02375549"
"solid","LiCa1.65Ti1.3Ta1.7O9","300","1.00E-05","-5","Perovskite","#N/A","10.1007/BF02708781"
"solid","LiSr1.65Ti2.15W0.85O9","300","1.60E-04","-3.795880017","Perovskite","#N/A","10.1007/BF02708781"
"solid","LiCa1.65Ti1.3Nb1.7O9","215","8.56E-07","-6.067526235","Perovskite","#N/A","10.1007/BF02708781"
"solid","Li0.34La0.51TiO2.94","27","1.02E-03","-2.991399828","Perovskite","Oxides","10.1016/0038-1098(93)90841-A"
"solid","(La0.5Li0.5)TiO3","25","1.00E-03","-3","Perovskite","Oxides","10.1016/0167-2738(94)90309-3"
